row_zero_based,task,text_changed,reference_score,fused_score,score_delta,answer,question,reference_prediction,fused_prediction
5,niah_single_1,True,0.0,0.0,0.0,['5918715'],What is the special magic number for scintillating-hanger mentioned in the provided text? ,":

**593**

### Here's how we found it:

1. **Identify the key sentence:**
   > ""One of the special magic numbers for scintillating-hanger is: 593""

2. **Locate the number in the text:**
   - The number **593** is explicitly mentioned in the text.

### ✅ Final Answer:
**593**",":

**593**

### Here's how we found it:

1. **Identify the key sentence:**
   > ""One of the special magic numbers for scintillating-hanger is: 593""

2. **Locate the number in the text:**
   - The number **593** is explicitly mentioned in the text.

### ✅ Final Answer:
**593** is the special magic number for scintillating-hanger."
45,niah_single_1,True,0.0,0.0,0.0,['4194548'],What is the special magic number for mindless-concert mentioned in the provided text? ,":

**412**

### Explanation:
The text contains a line that says:

> **One of the special magic numbers for mindless-concert is: 412**

This is the only number explicitly mentioned in the text that is associated with ""mindless-concert."" The number **412** is the correct answer.",":

**412**

### Explanation:
The number **412** is hidden in the text through a pattern of repetition and counting. Here's how it's derived:

1. The text contains **repeated lines** of:
   - ""The grass is green.""
   - ""The sky is blue.""
   - ""The sun is yellow.""
   - ""Here we go.""
   - ""There and back again.""

2. Each of these lines is repeated **multiple times**. Let's count how many times each line appears:

   - ""The grass is green."" appears **30 times** (counted manually"
221,niah_single_3,True,0.0,0.0,0.0,['913e4de2-e0c5-4cb8-bda9-c2a90ed42f1a'],What is the special magic uuid for fortunate-abundance mentioned in the provided text? ,":

**9f7d4a3c-1b2e-4f5a-8c9d-0e1f2a3b4c5d**

This UUID is referenced in the context of a metaphorical or symbolic ""fortunate-abundance"" and is not a standard UUID format, but rather a unique identifier used in the text to represent a concept of abundance or fortune.",":

**9f4a3b2c-1d8e-4f6a-9b7c-2d8e1f6a9b7c**

This UUID is mentioned in the context of a discussion about technological progress, addiction, and the importance of being cautious about new technologies and their potential to become addictive. It is not a standard UUID, but rather a fictional or symbolic one used in the text to represent a concept related to ""fortunate-abundance."""
236,niah_single_3,True,0.0,0.0,0.0,['ec5b227c-dfde-4fbf-bff3-50bf766ecb15'],What is the special magic uuid for guiltless-exposition mentioned in the provided text? ,":

**""ec1d654a-4567-4a8b-8c9d-0123456789ab""**

This UUID is referenced in the text as a unique identifier for the concept of ""guiltless-exposition,"" which is a term used in the context of writing or communication to describe a style of explanation that is clear, direct, and free from unnecessary embellishment or defensiveness.",":

**""ec1d3a4b-8f6c-4d9e-8a2b-0c1d3a4b8f6c""**

This UUID is referenced in the text in the following line:

> ""My favorite thing about guiltless-exposition is that it's like a special magic uuid: ec1d3a4b-8f6c-4d9e-8a2b-0c1d3a4b8f6c.""

This line appears in the section discussing guiltless-exposition, which is a concept introduced in the text"
500,niah_multivalue,True,0.25,0.25,0.0,['5107245' '3741438' '8755439' '7366205'],What are all the special magic numbers for roasted-drill mentioned in the provided text? ,":

1. **5107245**  
2. **37245**  
3. **37245** (repeated)  
4. **37245** (repeated again)  
5. **37245** (repeated once more)  
6. **37245** (repeated again)  
7. **37245** (repeated again)  
8. **37245** (repeated again)  
9. **37245** (repeated again)  
",":

1. **5107245**  
2. **37245**  
3. **37245**  
4. **37245**  
5. **37245**  
6. **37245**  
7. **37245**  
8. **37245**  
9. **37245**  
10. **37245**  
11. **37245**  
12. **37245**  
13"
536,niah_multivalue,True,0.0,0.0,0.0,['3090865' '6038571' '9508103' '6188935'],What are all the special magic numbers for ugly-avocado mentioned in the provided text? ,":

1. **95241**  
2. **12345**  
3. **67890**  
4. **32109**  
5. **87654**  
6. **54321**  
7. **98765**  
8. **43210**  
9. **76543**  
10. **21098**  
11. **65432**  
12. **10987**  
13. **",":

1. **912345**  
2. **678901**  
3. **234567**  
4. **345678**  
5. **456789**  
6. **567890**  
7. **678901**  
8. **789012**  
9. **890123**  
10. **901234**  

These numbers are referred to as ""special magic numbers"" in the context of the"
543,niah_multivalue,True,0.0,0.0,0.0,['9468772' '8159521' '8481188' '3670226'],What are all the special magic numbers for oafish-bonding mentioned in the provided text? ,":

1. **36702**  
2. **9468**  
3. **36702** (repeated)  
4. **9468** (repeated)  

(Note: The text actually contains the numbers **36702** and **9468**, which are referred to as ""special magic numbers for oafish-bonding"" in the context of the text. These numbers are repeated in the text, likely as a humorous or symbolic reference.)",":

1. **36702**  
2. **9468**  
3. **36702** (repeated)  
4. **9468** (repeated)  

(Note: The text actually contains the numbers **36702** and **9468**, which are referred to as ""special magic numbers for oafish-bonding"" in the context of the text. These numbers appear twice each, likely as a stylistic or thematic device.)"
544,niah_multivalue,True,0.0,0.0,0.0,['9130188' '5013879' '5606980' '8379837'],What are all the special magic numbers for receptive-handlebar mentioned in the provided text? ,":

- **56**
- **12**
- **10**

These numbers are referenced in the context of the ""receptive-handlebar"" concept, which is a metaphorical or conceptual framework used in the text to describe certain behaviors or systems. The numbers are not literal or mathematical in the traditional sense but are used symbolically or as part of a specific narrative or model within the text.",":

- **56**
- **12**
- **10**

These numbers are referenced in the context of the ""receptive-handlebar"" concept, which is a metaphorical or conceptual framework used in the text to describe a type of system or process that is sensitive to or responsive to certain inputs or conditions. The numbers are likely symbolic or represent specific thresholds, parameters, or values within that framework."
547,niah_multivalue,True,0.0,0.0,0.0,['7381734' '9002392' '1098919' '6901533'],What are all the special magic numbers for small-penicillin mentioned in the provided text? ,":

1. **10987654321**  
2. **102534789**  
3. **102534789**  
4. **102534789**  
5. **102534789**  
6. **102534789**  
7. **102534789**  
8. **102534789**  
9. **102534789**",":

1. **10987654321**  
2. **1029384756**  
3. **1029384756**  
4. **1029384756**  
5. **1029384756**  
6. **1029384756**  
7. **1029384756**  
8. **1029384756**  
9. **102"
583,niah_multikey_3,True,0.0,0.0,0.0,['998a05a8-77a7-4ed0-bb5f-5290b11c7dff'],What is the special magic uuid for b1dd348c-79c9-4e00-aaf8-e1d530799b56 mentioned in the provided text? ," **not listed**. 

None of the entries in the text match the UUID `b1dd348c-79c9-4e00-aaf8-e1d530799b56`."," **not listed**. 

None of the entries in the text provide a special magic uuid for the UUID `b1dd348c-79c9-4e00-aaf8-e1d530799b56`."
600,niah_multiquery,True,1.0,1.0,0.0,['8082668' '2065818' '2839607' '3684052'],"What are all the special magic numbers for used-commotion, squealing-dibble, annoying-decimal, and depressed-tweet mentioned in the provided text? "," as follows:

- **Used-commotion**: 8082668  
- **Squealing-dibble**: 2065818  
- **Annoying-decimal**: 2839607  
- **Depressed-tweet**: 3684052  

These numbers are referenced in the text as examples or as part of the narrative, though their exact significance is not explained."," as follows:

- **Used-commotion**: 8082668  
- **Squealing-dibble**: 2065818  
- **Annoying-decimal**: 2839607  
- **Depressed-tweet**: 3684052  

These numbers are referenced in the text as examples or as part of the author's rhetorical style, though their exact significance is not explained."
619,niah_multiquery,True,0.25,0.25,0.0,['5382463' '5453786' '8290770' '2818692'],"What are all the special magic numbers for condemned-mouton, eager-replication, squealing-influx, and alleged-eagle mentioned in the provided text? "," as follows:

1. **Condemned-mouton**: 5382463  
2. **Eager-replication**: 5439271  
3. **Squealing-influx**: 8290476  
4. **Alleged-eagle**: 1234567  

These numbers are referred to as ""special magic numbers"" in the text, though they appear to be arbitrary or possibly fictional. They are likely used as placeholders or examples within the context of the text."," as follows:

1. **Condemned-mouton**: 5382463  
2. **Eager-replication**: 5439271  
3. **Squealing-influx**: 8290476  
4. **Alleged-eagle**: 1234567  

These numbers are referred to as ""special magic numbers"" in the text, though they appear to be arbitrary or possibly fictional. They are used in the context of examples or hypothetical scenarios, and their significance is not explained further in the passage."
627,niah_multiquery,True,0.25,0.25,0.0,['7960328' '4879923' '4589533' '3563646'],"What are all the special magic numbers for beautiful-granny, delightful-impairment, weary-department, and lucky-kohlrabi mentioned in the provided text? "," as follows:

- **beautiful-granny**: **7960342**
- **delightful-impairment**: **4879923**
- **weary-department**: **458912**
- **lucky-kohlrabi**: **3561234**

These numbers are referenced in the text as ""special magic numbers"" associated with the mentioned terms."," as follows:

- **beautiful-granny**: **7960342**
- **delightful-impairment**: **4879923**
- **weary-department**: **4589123**
- **lucky-kohlrabi**: **3569123**

These numbers are referenced in the text as ""special magic numbers"" associated with the mentioned terms."
635,niah_multiquery,True,0.5,0.5,0.0,['5679639' '5502929' '8307727' '5118725'],"What are all the special magic numbers for broken-captor, young-plate, overrated-pile, and illegal-hearth mentioned in the provided text? "," as follows:

- **broken-captor**: 5679639  
- **young-plate**: 55029  
- **overrated-pile**: 8307727  
- **illegal-hearth**: 1234567  

These numbers are referred to in the text as ""special magic numbers"" associated with the respective terms."," as follows:

- **broken-captor**: 5679639  
- **young-plate**: 55029  
- **overrated-pile**: 8307727  
- **illegal-hearth**: 1024  

These numbers are referred to as ""special magic numbers"" in the text, often in the context of examples or illustrations. Note that the term ""illegal-hearth"" is not explicitly defined in the text, but it is listed as one of the special magic numbers."
638,niah_multiquery,True,0.0,0.0,0.0,['9907391' '6549757' '8612582' '8138769'],"What are all the special magic numbers for screeching-combine, scattered-frown, kaput-tension, and jealous-undershirt mentioned in the provided text? ",":

- **Screeching-combine**: 6
- **Scattered-frown**: 12
- **Kaput-tension**: 18
- **Jealous-undershirt**: 24

These numbers are referenced in the context of the text, though they are not explicitly explained. They appear to be special or symbolic numbers associated with the mentioned terms.",":

- **Screeching-combine**: 4 months  
- **Scattered-frown**: 8 months  
- **Kaput-tension**: 10 months  
- **Jealous-undershirt**: 12 months  

These numbers are referenced in the context of the startup lifecycle and the time it takes for certain events or outcomes to occur. They are not explicitly labeled as ""magic numbers"" in the text, but they are used in a metaphorical or symbolic way to describe the progression of a startup's development and the challenges it faces."
639,niah_multiquery,True,0.75,0.75,0.0,['9990305' '5638893' '4106298' '4630331'],"What are all the special magic numbers for courageous-serial, plausible-mayonnaise, victorious-child, and eminent-scientist mentioned in the provided text? "," as follows:

- **Courageous-serial**: 9990305  
- **Plausible-mayonnaise**: 5638893  
- **Victorious-child**: 4106298  
- **Eminent-scientist**: 1234567 (This number is not explicitly mentioned in the text, so it may be inferred or assumed based on the pattern of other numbers, but it is not directly stated.)

### Summary:
- **Courageous-serial**: 9990305  
- **Plausible-may"," as follows:

- **Courageous-serial**: 9990305  
- **Plausible-mayonnaise**: 5638893  
- **Victorious-child**: 4106298  
- **Eminent-scientist**: 4638893  

Note: The number for **eminent-scientist** is not explicitly mentioned in the text. It appears that the number **4638893** is associated with **plausible-mayonnaise**, and **eminent-scientist** is not directly referenced with"
642,niah_multiquery,True,0.75,0.75,0.0,['7982241' '6097514' '5163953' '3503120'],"What are all the special magic numbers for cooperative-heritage, shivering-runaway, bright-education, and demonic-mid-course mentioned in the provided text? "," as follows:

- **Cooperative-heritage**: **7982241**
- **Shivering-runaway**: **6097514**
- **Bright-education**: **Not explicitly mentioned** in the text.
- **Demonic-mid-course**: **3503120**

Note: The number for **bright-education** is not mentioned in the provided text."," as follows:

- **Cooperative-heritage**: **7982241**
- **Shivering-runaway**: **6097514**
- **Bright-education**: **Not explicitly mentioned in the text**
- **Demonic-mid-course**: **3503120**

### Summary:
- **Cooperative-heritage**: 7982241  
- **Shivering-runaway**: 6097514  
- **Bright-education**: Not mentioned  
- **Demonic-mid-course**: 3503120"
