row_zero_based,task,text_changed,reference_score,fused_score,score_delta
0,niah_single_1,False,0.0,0.0,0.0
1,niah_single_1,False,0.0,0.0,0.0
2,niah_single_1,False,0.0,0.0,0.0
3,niah_single_1,False,0.0,0.0,0.0
4,niah_single_1,False,0.0,0.0,0.0
5,niah_single_1,True,0.0,0.0,0.0
6,niah_single_1,False,0.0,0.0,0.0
7,niah_single_1,False,0.0,0.0,0.0
8,niah_single_1,False,0.0,0.0,0.0
9,niah_single_1,False,0.0,0.0,0.0
10,niah_single_1,False,0.0,0.0,0.0
11,niah_single_1,False,0.0,0.0,0.0
12,niah_single_1,False,1.0,1.0,0.0
13,niah_single_1,False,0.0,0.0,0.0
14,niah_single_1,False,0.0,0.0,0.0
15,niah_single_1,False,1.0,1.0,0.0
16,niah_single_1,False,0.0,0.0,0.0
17,niah_single_1,False,0.0,0.0,0.0
18,niah_single_1,False,1.0,1.0,0.0
19,niah_single_1,False,0.0,0.0,0.0
20,niah_single_1,False,0.0,0.0,0.0
21,niah_single_1,False,0.0,0.0,0.0
22,niah_single_1,False,0.0,0.0,0.0
23,niah_single_1,False,1.0,1.0,0.0
24,niah_single_1,False,0.0,0.0,0.0
25,niah_single_1,False,0.0,0.0,0.0
26,niah_single_1,False,0.0,0.0,0.0
27,niah_single_1,False,0.0,0.0,0.0
28,niah_single_1,False,0.0,0.0,0.0
29,niah_single_1,False,0.0,0.0,0.0
30,niah_single_1,False,0.0,0.0,0.0
31,niah_single_1,False,0.0,0.0,0.0
32,niah_single_1,False,1.0,1.0,0.0
33,niah_single_1,False,0.0,0.0,0.0
34,niah_single_1,False,1.0,1.0,0.0
35,niah_single_1,False,0.0,0.0,0.0
36,niah_single_1,False,0.0,0.0,0.0
37,niah_single_1,False,0.0,0.0,0.0
38,niah_single_1,False,0.0,0.0,0.0
39,niah_single_1,False,1.0,1.0,0.0
40,niah_single_1,False,0.0,0.0,0.0
41,niah_single_1,False,0.0,0.0,0.0
42,niah_single_1,False,0.0,0.0,0.0
43,niah_single_1,False,0.0,0.0,0.0
44,niah_single_1,False,0.0,0.0,0.0
45,niah_single_1,True,0.0,0.0,0.0
46,niah_single_1,False,0.0,0.0,0.0
47,niah_single_1,False,0.0,0.0,0.0
48,niah_single_1,False,0.0,0.0,0.0
49,niah_single_1,False,0.0,0.0,0.0
50,niah_multikey_2,False,0.0,0.0,0.0
51,niah_multikey_2,False,0.0,0.0,0.0
52,niah_multikey_2,False,1.0,1.0,0.0
53,niah_multikey_2,False,1.0,1.0,0.0
54,niah_multikey_2,False,1.0,1.0,0.0
55,niah_multikey_2,False,0.0,0.0,0.0
56,niah_multikey_2,False,0.0,0.0,0.0
57,niah_multikey_2,False,0.0,0.0,0.0
58,niah_multikey_2,False,0.0,0.0,0.0
59,niah_multikey_2,False,0.0,0.0,0.0
60,niah_multikey_2,False,0.0,0.0,0.0
61,niah_multikey_2,False,0.0,0.0,0.0
62,niah_multikey_2,False,0.0,0.0,0.0
63,niah_multikey_2,False,0.0,0.0,0.0
64,niah_multikey_2,False,1.0,1.0,0.0
65,niah_multikey_2,False,0.0,0.0,0.0
66,niah_multikey_2,False,0.0,0.0,0.0
67,niah_multikey_2,False,1.0,1.0,0.0
68,niah_multikey_2,False,0.0,0.0,0.0
69,niah_multikey_2,False,0.0,0.0,0.0
70,niah_multikey_2,False,0.0,0.0,0.0
71,niah_multikey_2,False,1.0,1.0,0.0
72,niah_multikey_2,False,0.0,0.0,0.0
73,niah_multikey_2,False,0.0,0.0,0.0
74,niah_multikey_2,False,0.0,0.0,0.0
75,niah_multikey_2,False,0.0,0.0,0.0
76,niah_multikey_2,False,0.0,0.0,0.0
77,niah_multikey_2,False,0.0,0.0,0.0
78,niah_multikey_2,False,0.0,0.0,0.0
79,niah_multikey_2,False,0.0,0.0,0.0
80,niah_multikey_2,False,0.0,0.0,0.0
81,niah_multikey_2,False,0.0,0.0,0.0
82,niah_multikey_2,False,0.0,0.0,0.0
83,niah_multikey_2,False,0.0,0.0,0.0
84,niah_multikey_2,False,0.0,0.0,0.0
85,niah_multikey_2,False,0.0,0.0,0.0
86,niah_multikey_2,False,0.0,0.0,0.0
87,niah_multikey_2,False,0.0,0.0,0.0
88,niah_multikey_2,False,1.0,1.0,0.0
89,niah_multikey_2,False,0.0,0.0,0.0
90,niah_multikey_2,False,0.0,0.0,0.0
91,niah_multikey_2,False,0.0,0.0,0.0
92,niah_multikey_2,False,0.0,0.0,0.0
93,niah_multikey_2,False,0.0,0.0,0.0
94,niah_multikey_2,False,0.0,0.0,0.0
95,niah_multikey_2,False,0.0,0.0,0.0
96,niah_multikey_2,False,0.0,0.0,0.0
97,niah_multikey_2,False,1.0,1.0,0.0
98,niah_multikey_2,False,0.0,0.0,0.0
99,niah_multikey_2,False,1.0,1.0,0.0
100,fwe,False,1.0,1.0,0.0
101,fwe,False,1.0,1.0,0.0
102,fwe,False,1.0,1.0,0.0
103,fwe,False,1.0,1.0,0.0
104,fwe,False,1.0,1.0,0.0
105,fwe,False,1.0,1.0,0.0
106,fwe,False,1.0,1.0,0.0
107,fwe,False,1.0,1.0,0.0
108,fwe,False,0.6666666666666666,0.6666666666666666,0.0
109,fwe,False,1.0,1.0,0.0
110,fwe,False,1.0,1.0,0.0
111,fwe,False,1.0,1.0,0.0
112,fwe,False,1.0,1.0,0.0
113,fwe,False,0.6666666666666666,0.6666666666666666,0.0
114,fwe,False,1.0,1.0,0.0
115,fwe,False,1.0,1.0,0.0
116,fwe,False,1.0,1.0,0.0
117,fwe,False,1.0,1.0,0.0
118,fwe,False,1.0,1.0,0.0
119,fwe,False,1.0,1.0,0.0
120,fwe,False,1.0,1.0,0.0
121,fwe,False,0.6666666666666666,0.6666666666666666,0.0
122,fwe,False,0.6666666666666666,0.6666666666666666,0.0
123,fwe,False,0.6666666666666666,0.6666666666666666,0.0
124,fwe,False,1.0,1.0,0.0
125,fwe,False,1.0,1.0,0.0
126,fwe,False,1.0,1.0,0.0
127,fwe,False,1.0,1.0,0.0
128,fwe,False,1.0,1.0,0.0
129,fwe,False,1.0,1.0,0.0
130,fwe,False,1.0,1.0,0.0
131,fwe,False,1.0,1.0,0.0
132,fwe,False,1.0,1.0,0.0
133,fwe,False,1.0,1.0,0.0
134,fwe,False,1.0,1.0,0.0
135,fwe,False,1.0,1.0,0.0
136,fwe,False,1.0,1.0,0.0
137,fwe,False,1.0,1.0,0.0
138,fwe,False,1.0,1.0,0.0
139,fwe,False,1.0,1.0,0.0
140,fwe,False,1.0,1.0,0.0
141,fwe,False,1.0,1.0,0.0
142,fwe,False,1.0,1.0,0.0
143,fwe,False,1.0,1.0,0.0
144,fwe,False,0.6666666666666666,0.6666666666666666,0.0
145,fwe,False,0.6666666666666666,0.6666666666666666,0.0
146,fwe,False,1.0,1.0,0.0
147,fwe,False,1.0,1.0,0.0
148,fwe,False,1.0,1.0,0.0
149,fwe,False,1.0,1.0,0.0
150,qa_1,False,1.0,1.0,0.0
151,qa_1,False,0.0,0.0,0.0
152,qa_1,False,0.0,0.0,0.0
153,qa_1,False,1.0,1.0,0.0
154,qa_1,False,1.0,1.0,0.0
155,qa_1,False,1.0,1.0,0.0
156,qa_1,False,1.0,1.0,0.0
157,qa_1,False,0.0,0.0,0.0
158,qa_1,False,1.0,1.0,0.0
159,qa_1,False,1.0,1.0,0.0
160,qa_1,False,1.0,1.0,0.0
161,qa_1,False,1.0,1.0,0.0
162,qa_1,False,1.0,1.0,0.0
163,qa_1,False,1.0,1.0,0.0
164,qa_1,False,1.0,1.0,0.0
165,qa_1,False,0.0,0.0,0.0
166,qa_1,False,1.0,1.0,0.0
167,qa_1,False,1.0,1.0,0.0
168,qa_1,False,1.0,1.0,0.0
169,qa_1,False,1.0,1.0,0.0
170,qa_1,False,1.0,1.0,0.0
171,qa_1,False,1.0,1.0,0.0
172,qa_1,False,0.0,0.0,0.0
173,qa_1,False,0.0,0.0,0.0
174,qa_1,False,1.0,1.0,0.0
175,qa_1,False,1.0,1.0,0.0
176,qa_1,False,1.0,1.0,0.0
177,qa_1,False,1.0,1.0,0.0
178,qa_1,False,1.0,1.0,0.0
179,qa_1,False,1.0,1.0,0.0
180,qa_1,False,1.0,1.0,0.0
181,qa_1,False,1.0,1.0,0.0
182,qa_1,False,1.0,1.0,0.0
183,qa_1,False,1.0,1.0,0.0
184,qa_1,False,1.0,1.0,0.0
185,qa_1,False,0.0,0.0,0.0
186,qa_1,False,1.0,1.0,0.0
187,qa_1,False,0.0,0.0,0.0
188,qa_1,False,1.0,1.0,0.0
189,qa_1,False,1.0,1.0,0.0
190,qa_1,False,1.0,1.0,0.0
191,qa_1,False,1.0,1.0,0.0
192,qa_1,False,1.0,1.0,0.0
193,qa_1,False,1.0,1.0,0.0
194,qa_1,False,1.0,1.0,0.0
195,qa_1,False,1.0,1.0,0.0
196,qa_1,False,1.0,1.0,0.0
197,qa_1,False,1.0,1.0,0.0
198,qa_1,False,1.0,1.0,0.0
199,qa_1,False,1.0,1.0,0.0
200,niah_single_3,False,0.0,0.0,0.0
201,niah_single_3,False,0.0,0.0,0.0
202,niah_single_3,False,0.0,0.0,0.0
203,niah_single_3,False,0.0,0.0,0.0
204,niah_single_3,False,0.0,0.0,0.0
205,niah_single_3,False,0.0,0.0,0.0
206,niah_single_3,False,1.0,1.0,0.0
207,niah_single_3,False,0.0,0.0,0.0
208,niah_single_3,False,0.0,0.0,0.0
209,niah_single_3,False,0.0,0.0,0.0
210,niah_single_3,False,0.0,0.0,0.0
211,niah_single_3,False,0.0,0.0,0.0
212,niah_single_3,False,0.0,0.0,0.0
213,niah_single_3,False,0.0,0.0,0.0
214,niah_single_3,False,0.0,0.0,0.0
215,niah_single_3,False,0.0,0.0,0.0
216,niah_single_3,False,0.0,0.0,0.0
217,niah_single_3,False,0.0,0.0,0.0
218,niah_single_3,False,0.0,0.0,0.0
219,niah_single_3,False,0.0,0.0,0.0
220,niah_single_3,False,0.0,0.0,0.0
221,niah_single_3,True,0.0,0.0,0.0
222,niah_single_3,False,0.0,0.0,0.0
223,niah_single_3,False,0.0,0.0,0.0
224,niah_single_3,False,0.0,0.0,0.0
225,niah_single_3,False,0.0,0.0,0.0
226,niah_single_3,False,0.0,0.0,0.0
227,niah_single_3,False,0.0,0.0,0.0
228,niah_single_3,False,0.0,0.0,0.0
229,niah_single_3,False,0.0,0.0,0.0
230,niah_single_3,False,1.0,1.0,0.0
231,niah_single_3,False,0.0,0.0,0.0
232,niah_single_3,False,0.0,0.0,0.0
233,niah_single_3,False,0.0,0.0,0.0
234,niah_single_3,False,0.0,0.0,0.0
235,niah_single_3,False,0.0,0.0,0.0
236,niah_single_3,True,0.0,0.0,0.0
237,niah_single_3,False,0.0,0.0,0.0
238,niah_single_3,False,0.0,0.0,0.0
239,niah_single_3,False,0.0,0.0,0.0
240,niah_single_3,False,0.0,0.0,0.0
241,niah_single_3,False,1.0,1.0,0.0
242,niah_single_3,False,0.0,0.0,0.0
243,niah_single_3,False,0.0,0.0,0.0
244,niah_single_3,False,0.0,0.0,0.0
245,niah_single_3,False,0.0,0.0,0.0
246,niah_single_3,False,1.0,1.0,0.0
247,niah_single_3,False,0.0,0.0,0.0
248,niah_single_3,False,0.0,0.0,0.0
249,niah_single_3,False,0.0,0.0,0.0
250,niah_multikey_1,False,0.0,0.0,0.0
251,niah_multikey_1,False,0.0,0.0,0.0
252,niah_multikey_1,False,1.0,1.0,0.0
253,niah_multikey_1,False,0.0,0.0,0.0
254,niah_multikey_1,False,0.0,0.0,0.0
255,niah_multikey_1,False,1.0,1.0,0.0
256,niah_multikey_1,False,1.0,1.0,0.0
257,niah_multikey_1,False,0.0,0.0,0.0
258,niah_multikey_1,False,0.0,0.0,0.0
259,niah_multikey_1,False,0.0,0.0,0.0
260,niah_multikey_1,False,0.0,0.0,0.0
261,niah_multikey_1,False,0.0,0.0,0.0
262,niah_multikey_1,False,0.0,0.0,0.0
263,niah_multikey_1,False,0.0,0.0,0.0
264,niah_multikey_1,False,1.0,1.0,0.0
265,niah_multikey_1,False,1.0,1.0,0.0
266,niah_multikey_1,False,0.0,0.0,0.0
267,niah_multikey_1,False,0.0,0.0,0.0
268,niah_multikey_1,False,0.0,0.0,0.0
269,niah_multikey_1,False,0.0,0.0,0.0
270,niah_multikey_1,False,0.0,0.0,0.0
271,niah_multikey_1,False,1.0,1.0,0.0
272,niah_multikey_1,False,0.0,0.0,0.0
273,niah_multikey_1,False,0.0,0.0,0.0
274,niah_multikey_1,False,0.0,0.0,0.0
275,niah_multikey_1,False,0.0,0.0,0.0
276,niah_multikey_1,False,1.0,1.0,0.0
277,niah_multikey_1,False,1.0,1.0,0.0
278,niah_multikey_1,False,0.0,0.0,0.0
279,niah_multikey_1,False,1.0,1.0,0.0
280,niah_multikey_1,False,0.0,0.0,0.0
281,niah_multikey_1,False,0.0,0.0,0.0
282,niah_multikey_1,False,0.0,0.0,0.0
283,niah_multikey_1,False,0.0,0.0,0.0
284,niah_multikey_1,False,0.0,0.0,0.0
285,niah_multikey_1,False,0.0,0.0,0.0
286,niah_multikey_1,False,0.0,0.0,0.0
287,niah_multikey_1,False,1.0,1.0,0.0
288,niah_multikey_1,False,0.0,0.0,0.0
289,niah_multikey_1,False,1.0,1.0,0.0
290,niah_multikey_1,False,0.0,0.0,0.0
291,niah_multikey_1,False,0.0,0.0,0.0
292,niah_multikey_1,False,0.0,0.0,0.0
293,niah_multikey_1,False,0.0,0.0,0.0
294,niah_multikey_1,False,0.0,0.0,0.0
295,niah_multikey_1,False,0.0,0.0,0.0
296,niah_multikey_1,False,0.0,0.0,0.0
297,niah_multikey_1,False,0.0,0.0,0.0
298,niah_multikey_1,False,0.0,0.0,0.0
299,niah_multikey_1,False,0.0,0.0,0.0
300,niah_single_2,False,0.0,0.0,0.0
301,niah_single_2,False,0.0,0.0,0.0
302,niah_single_2,False,0.0,0.0,0.0
303,niah_single_2,False,1.0,1.0,0.0
304,niah_single_2,False,1.0,1.0,0.0
305,niah_single_2,False,1.0,1.0,0.0
306,niah_single_2,False,1.0,1.0,0.0
307,niah_single_2,False,0.0,0.0,0.0
308,niah_single_2,False,0.0,0.0,0.0
309,niah_single_2,False,0.0,0.0,0.0
310,niah_single_2,False,0.0,0.0,0.0
311,niah_single_2,False,0.0,0.0,0.0
312,niah_single_2,False,0.0,0.0,0.0
313,niah_single_2,False,1.0,1.0,0.0
314,niah_single_2,False,0.0,0.0,0.0
315,niah_single_2,False,0.0,0.0,0.0
316,niah_single_2,False,1.0,1.0,0.0
317,niah_single_2,False,0.0,0.0,0.0
318,niah_single_2,False,0.0,0.0,0.0
319,niah_single_2,False,1.0,1.0,0.0
320,niah_single_2,False,0.0,0.0,0.0
321,niah_single_2,False,0.0,0.0,0.0
322,niah_single_2,False,0.0,0.0,0.0
323,niah_single_2,False,1.0,1.0,0.0
324,niah_single_2,False,1.0,1.0,0.0
325,niah_single_2,False,1.0,1.0,0.0
326,niah_single_2,False,1.0,1.0,0.0
327,niah_single_2,False,0.0,0.0,0.0
328,niah_single_2,False,0.0,0.0,0.0
329,niah_single_2,False,1.0,1.0,0.0
330,niah_single_2,False,0.0,0.0,0.0
331,niah_single_2,False,0.0,0.0,0.0
332,niah_single_2,False,1.0,1.0,0.0
333,niah_single_2,False,0.0,0.0,0.0
334,niah_single_2,False,1.0,1.0,0.0
335,niah_single_2,False,0.0,0.0,0.0
336,niah_single_2,False,1.0,1.0,0.0
337,niah_single_2,False,1.0,1.0,0.0
338,niah_single_2,False,0.0,0.0,0.0
339,niah_single_2,False,0.0,0.0,0.0
340,niah_single_2,False,0.0,0.0,0.0
341,niah_single_2,False,1.0,1.0,0.0
342,niah_single_2,False,0.0,0.0,0.0
343,niah_single_2,False,0.0,0.0,0.0
344,niah_single_2,False,0.0,0.0,0.0
345,niah_single_2,False,0.0,0.0,0.0
346,niah_single_2,False,0.0,0.0,0.0
347,niah_single_2,False,0.0,0.0,0.0
348,niah_single_2,False,0.0,0.0,0.0
349,niah_single_2,False,0.0,0.0,0.0
350,cwe,False,0.9,0.9,0.0
351,cwe,False,0.9,0.9,0.0
352,cwe,False,1.0,1.0,0.0
353,cwe,False,0.9,0.9,0.0
354,cwe,False,0.7,0.7,0.0
355,cwe,False,0.7,0.7,0.0
356,cwe,False,0.8,0.8,0.0
357,cwe,False,0.8,0.8,0.0
358,cwe,False,1.0,1.0,0.0
359,cwe,False,1.0,1.0,0.0
360,cwe,False,0.5,0.5,0.0
361,cwe,False,0.9,0.9,0.0
362,cwe,False,1.0,1.0,0.0
363,cwe,False,0.9,0.9,0.0
364,cwe,False,0.5,0.5,0.0
365,cwe,False,0.8,0.8,0.0
366,cwe,False,1.0,1.0,0.0
367,cwe,False,0.9,0.9,0.0
368,cwe,False,0.9,0.9,0.0
369,cwe,False,0.6,0.6,0.0
370,cwe,False,1.0,1.0,0.0
371,cwe,False,1.0,1.0,0.0
372,cwe,False,0.9,0.9,0.0
373,cwe,False,0.9,0.9,0.0
374,cwe,False,0.9,0.9,0.0
375,cwe,False,0.9,0.9,0.0
376,cwe,False,0.9,0.9,0.0
377,cwe,False,0.8,0.8,0.0
378,cwe,False,0.9,0.9,0.0
379,cwe,False,1.0,1.0,0.0
380,cwe,False,1.0,1.0,0.0
381,cwe,False,1.0,1.0,0.0
382,cwe,False,1.0,1.0,0.0
383,cwe,False,1.0,1.0,0.0
384,cwe,False,0.8,0.8,0.0
385,cwe,False,0.8,0.8,0.0
386,cwe,False,0.9,0.9,0.0
387,cwe,False,0.8,0.8,0.0
388,cwe,False,1.0,1.0,0.0
389,cwe,False,1.0,1.0,0.0
390,cwe,False,0.9,0.9,0.0
391,cwe,False,1.0,1.0,0.0
392,cwe,False,1.0,1.0,0.0
393,cwe,False,0.7,0.7,0.0
394,cwe,False,0.9,0.9,0.0
395,cwe,False,1.0,1.0,0.0
396,cwe,False,0.9,0.9,0.0
397,cwe,False,0.5,0.5,0.0
398,cwe,False,0.9,0.9,0.0
399,cwe,False,0.8,0.8,0.0
400,qa_2,False,0.0,0.0,0.0
401,qa_2,False,0.0,0.0,0.0
402,qa_2,False,1.0,1.0,0.0
403,qa_2,False,1.0,1.0,0.0
404,qa_2,False,0.0,0.0,0.0
405,qa_2,False,1.0,1.0,0.0
406,qa_2,False,1.0,1.0,0.0
407,qa_2,False,0.0,0.0,0.0
408,qa_2,False,1.0,1.0,0.0
409,qa_2,False,1.0,1.0,0.0
410,qa_2,False,1.0,1.0,0.0
411,qa_2,False,1.0,1.0,0.0
412,qa_2,False,1.0,1.0,0.0
413,qa_2,False,1.0,1.0,0.0
414,qa_2,False,0.0,0.0,0.0
415,qa_2,False,0.0,0.0,0.0
416,qa_2,False,0.0,0.0,0.0
417,qa_2,False,1.0,1.0,0.0
418,qa_2,False,0.0,0.0,0.0
419,qa_2,False,0.0,0.0,0.0
420,qa_2,False,1.0,1.0,0.0
421,qa_2,False,1.0,1.0,0.0
422,qa_2,False,0.0,0.0,0.0
423,qa_2,False,1.0,1.0,0.0
424,qa_2,False,0.0,0.0,0.0
425,qa_2,False,0.0,0.0,0.0
426,qa_2,False,1.0,1.0,0.0
427,qa_2,False,1.0,1.0,0.0
428,qa_2,False,1.0,1.0,0.0
429,qa_2,False,1.0,1.0,0.0
430,qa_2,False,0.0,0.0,0.0
431,qa_2,False,0.0,0.0,0.0
432,qa_2,False,0.0,0.0,0.0
433,qa_2,False,1.0,1.0,0.0
434,qa_2,False,0.0,0.0,0.0
435,qa_2,False,0.0,0.0,0.0
436,qa_2,False,0.0,0.0,0.0
437,qa_2,False,1.0,1.0,0.0
438,qa_2,False,1.0,1.0,0.0
439,qa_2,False,1.0,1.0,0.0
440,qa_2,False,1.0,1.0,0.0
441,qa_2,False,0.0,0.0,0.0
442,qa_2,False,0.0,0.0,0.0
443,qa_2,False,1.0,1.0,0.0
444,qa_2,False,1.0,1.0,0.0
445,qa_2,False,0.0,0.0,0.0
446,qa_2,False,1.0,1.0,0.0
447,qa_2,False,0.0,0.0,0.0
448,qa_2,False,1.0,1.0,0.0
449,qa_2,False,1.0,1.0,0.0
450,vt,False,0.0,0.0,0.0
451,vt,False,0.0,0.0,0.0
452,vt,False,0.0,0.0,0.0
453,vt,False,0.0,0.0,0.0
454,vt,False,0.0,0.0,0.0
455,vt,False,0.0,0.0,0.0
456,vt,False,0.8,0.8,0.0
457,vt,False,0.0,0.0,0.0
458,vt,False,0.0,0.0,0.0
459,vt,False,0.0,0.0,0.0
460,vt,False,0.4,0.4,0.0
461,vt,False,0.2,0.2,0.0
462,vt,False,0.0,0.0,0.0
463,vt,False,0.0,0.0,0.0
464,vt,False,0.0,0.0,0.0
465,vt,False,0.4,0.4,0.0
466,vt,False,0.0,0.0,0.0
467,vt,False,0.0,0.0,0.0
468,vt,False,0.2,0.2,0.0
469,vt,False,0.0,0.0,0.0
470,vt,False,0.0,0.0,0.0
471,vt,False,0.0,0.0,0.0
472,vt,False,0.0,0.0,0.0
473,vt,False,0.0,0.0,0.0
474,vt,False,0.0,0.0,0.0
475,vt,False,0.0,0.0,0.0
476,vt,False,0.4,0.4,0.0
477,vt,False,0.0,0.0,0.0
478,vt,False,0.0,0.0,0.0
479,vt,False,0.2,0.2,0.0
480,vt,False,0.0,0.0,0.0
481,vt,False,1.0,1.0,0.0
482,vt,False,0.0,0.0,0.0
483,vt,False,0.0,0.0,0.0
484,vt,False,0.4,0.4,0.0
485,vt,False,0.0,0.0,0.0
486,vt,False,0.0,0.0,0.0
487,vt,False,0.6,0.6,0.0
488,vt,False,0.0,0.0,0.0
489,vt,False,0.6,0.6,0.0
490,vt,False,0.0,0.0,0.0
491,vt,False,0.6,0.6,0.0
492,vt,False,0.0,0.0,0.0
493,vt,False,0.2,0.2,0.0
494,vt,False,1.0,1.0,0.0
495,vt,False,0.0,0.0,0.0
496,vt,False,0.6,0.6,0.0
497,vt,False,0.0,0.0,0.0
498,vt,False,0.0,0.0,0.0
499,vt,False,0.0,0.0,0.0
500,niah_multivalue,True,0.25,0.25,0.0
501,niah_multivalue,False,0.25,0.25,0.0
502,niah_multivalue,False,0.25,0.25,0.0
503,niah_multivalue,False,0.0,0.0,0.0
504,niah_multivalue,False,1.0,1.0,0.0
505,niah_multivalue,False,0.0,0.0,0.0
506,niah_multivalue,False,0.5,0.5,0.0
507,niah_multivalue,False,0.0,0.0,0.0
508,niah_multivalue,False,0.25,0.25,0.0
509,niah_multivalue,False,0.0,0.0,0.0
510,niah_multivalue,False,0.0,0.0,0.0
511,niah_multivalue,False,0.0,0.0,0.0
512,niah_multivalue,False,0.0,0.0,0.0
513,niah_multivalue,False,0.0,0.0,0.0
514,niah_multivalue,False,0.0,0.0,0.0
515,niah_multivalue,False,0.25,0.25,0.0
516,niah_multivalue,False,0.0,0.0,0.0
517,niah_multivalue,False,0.0,0.0,0.0
518,niah_multivalue,False,0.5,0.5,0.0
519,niah_multivalue,False,0.5,0.5,0.0
520,niah_multivalue,False,0.5,0.5,0.0
521,niah_multivalue,False,0.0,0.0,0.0
522,niah_multivalue,False,0.5,0.5,0.0
523,niah_multivalue,False,0.0,0.0,0.0
524,niah_multivalue,False,0.25,0.25,0.0
525,niah_multivalue,False,0.25,0.25,0.0
526,niah_multivalue,False,0.0,0.0,0.0
527,niah_multivalue,False,0.25,0.25,0.0
528,niah_multivalue,False,0.0,0.0,0.0
529,niah_multivalue,False,0.25,0.25,0.0
530,niah_multivalue,False,0.0,0.0,0.0
531,niah_multivalue,False,0.0,0.0,0.0
532,niah_multivalue,False,0.0,0.0,0.0
533,niah_multivalue,False,0.0,0.0,0.0
534,niah_multivalue,False,0.25,0.25,0.0
535,niah_multivalue,False,0.0,0.0,0.0
536,niah_multivalue,True,0.0,0.0,0.0
537,niah_multivalue,False,0.25,0.25,0.0
538,niah_multivalue,False,0.0,0.0,0.0
539,niah_multivalue,False,0.0,0.0,0.0
540,niah_multivalue,False,0.25,0.25,0.0
541,niah_multivalue,False,0.0,0.0,0.0
542,niah_multivalue,False,0.25,0.25,0.0
543,niah_multivalue,True,0.0,0.0,0.0
544,niah_multivalue,True,0.0,0.0,0.0
545,niah_multivalue,False,0.0,0.0,0.0
546,niah_multivalue,False,0.25,0.25,0.0
547,niah_multivalue,True,0.0,0.0,0.0
548,niah_multivalue,False,0.0,0.0,0.0
549,niah_multivalue,False,0.5,0.5,0.0
550,niah_multikey_3,False,0.0,0.0,0.0
551,niah_multikey_3,False,0.0,0.0,0.0
552,niah_multikey_3,False,0.0,0.0,0.0
553,niah_multikey_3,False,0.0,0.0,0.0
554,niah_multikey_3,False,0.0,0.0,0.0
555,niah_multikey_3,False,0.0,0.0,0.0
556,niah_multikey_3,False,0.0,0.0,0.0
557,niah_multikey_3,False,0.0,0.0,0.0
558,niah_multikey_3,False,0.0,0.0,0.0
559,niah_multikey_3,False,0.0,0.0,0.0
560,niah_multikey_3,False,0.0,0.0,0.0
561,niah_multikey_3,False,0.0,0.0,0.0
562,niah_multikey_3,False,0.0,0.0,0.0
563,niah_multikey_3,False,0.0,0.0,0.0
564,niah_multikey_3,False,0.0,0.0,0.0
565,niah_multikey_3,False,0.0,0.0,0.0
566,niah_multikey_3,False,0.0,0.0,0.0
567,niah_multikey_3,False,0.0,0.0,0.0
568,niah_multikey_3,False,0.0,0.0,0.0
569,niah_multikey_3,False,0.0,0.0,0.0
570,niah_multikey_3,False,1.0,1.0,0.0
571,niah_multikey_3,False,0.0,0.0,0.0
572,niah_multikey_3,False,0.0,0.0,0.0
573,niah_multikey_3,False,0.0,0.0,0.0
574,niah_multikey_3,False,0.0,0.0,0.0
575,niah_multikey_3,False,0.0,0.0,0.0
576,niah_multikey_3,False,0.0,0.0,0.0
577,niah_multikey_3,False,0.0,0.0,0.0
578,niah_multikey_3,False,0.0,0.0,0.0
579,niah_multikey_3,False,0.0,0.0,0.0
580,niah_multikey_3,False,0.0,0.0,0.0
581,niah_multikey_3,False,0.0,0.0,0.0
582,niah_multikey_3,False,0.0,0.0,0.0
583,niah_multikey_3,True,0.0,0.0,0.0
584,niah_multikey_3,False,0.0,0.0,0.0
585,niah_multikey_3,False,0.0,0.0,0.0
586,niah_multikey_3,False,0.0,0.0,0.0
587,niah_multikey_3,False,0.0,0.0,0.0
588,niah_multikey_3,False,0.0,0.0,0.0
589,niah_multikey_3,False,0.0,0.0,0.0
590,niah_multikey_3,False,0.0,0.0,0.0
591,niah_multikey_3,False,0.0,0.0,0.0
592,niah_multikey_3,False,0.0,0.0,0.0
593,niah_multikey_3,False,0.0,0.0,0.0
594,niah_multikey_3,False,0.0,0.0,0.0
595,niah_multikey_3,False,0.0,0.0,0.0
596,niah_multikey_3,False,0.0,0.0,0.0
597,niah_multikey_3,False,0.0,0.0,0.0
598,niah_multikey_3,False,0.0,0.0,0.0
599,niah_multikey_3,False,0.0,0.0,0.0
600,niah_multiquery,True,1.0,1.0,0.0
601,niah_multiquery,False,0.25,0.25,0.0
602,niah_multiquery,False,0.25,0.25,0.0
603,niah_multiquery,False,0.25,0.25,0.0
604,niah_multiquery,False,0.0,0.0,0.0
605,niah_multiquery,False,0.0,0.0,0.0
606,niah_multiquery,False,0.0,0.0,0.0
607,niah_multiquery,False,0.25,0.25,0.0
608,niah_multiquery,False,0.0,0.0,0.0
609,niah_multiquery,False,0.0,0.0,0.0
610,niah_multiquery,False,0.0,0.0,0.0
611,niah_multiquery,False,0.0,0.0,0.0
612,niah_multiquery,False,0.0,0.0,0.0
613,niah_multiquery,False,0.0,0.0,0.0
614,niah_multiquery,False,0.0,0.0,0.0
615,niah_multiquery,False,0.25,0.25,0.0
616,niah_multiquery,False,0.25,0.25,0.0
617,niah_multiquery,False,0.0,0.0,0.0
618,niah_multiquery,False,0.0,0.0,0.0
619,niah_multiquery,True,0.25,0.25,0.0
620,niah_multiquery,False,0.25,0.25,0.0
621,niah_multiquery,False,0.0,0.0,0.0
622,niah_multiquery,False,0.0,0.0,0.0
623,niah_multiquery,False,0.25,0.25,0.0
624,niah_multiquery,False,0.5,0.5,0.0
625,niah_multiquery,False,0.5,0.5,0.0
626,niah_multiquery,False,0.0,0.0,0.0
627,niah_multiquery,True,0.25,0.25,0.0
628,niah_multiquery,False,0.5,0.5,0.0
629,niah_multiquery,False,0.75,0.75,0.0
630,niah_multiquery,False,0.25,0.25,0.0
631,niah_multiquery,False,0.0,0.0,0.0
632,niah_multiquery,False,0.25,0.25,0.0
633,niah_multiquery,False,0.5,0.5,0.0
634,niah_multiquery,False,0.0,0.0,0.0
635,niah_multiquery,True,0.5,0.5,0.0
636,niah_multiquery,False,0.5,0.5,0.0
637,niah_multiquery,False,0.0,0.0,0.0
638,niah_multiquery,True,0.0,0.0,0.0
639,niah_multiquery,True,0.75,0.75,0.0
640,niah_multiquery,False,0.25,0.25,0.0
641,niah_multiquery,False,0.0,0.0,0.0
642,niah_multiquery,True,0.75,0.75,0.0
643,niah_multiquery,False,0.0,0.0,0.0
644,niah_multiquery,False,0.0,0.0,0.0
645,niah_multiquery,False,0.5,0.5,0.0
646,niah_multiquery,False,0.25,0.25,0.0
647,niah_multiquery,False,0.25,0.25,0.0
648,niah_multiquery,False,0.0,0.0,0.0
649,niah_multiquery,False,0.5,0.5,0.0
